name,team,Nationality,Height,Born,pic_link,blank
ALBERTO ABALDE,Real Madrid,Spain,202,15 Dec 1995,https://media-cdn.incrowdsports.com/82c96970-c8f1-4ce1-a2d3-2b2dadcd8ba7.png,
AWUDU ABASS,Virtus Segafredo Bologna,Italy,198,27 Jan 1993,https://media-cdn.incrowdsports.com/41895699-93f8-43c3-90cb-368c11e58e27.png,
VENIAMIN ABOSI,Olympiacos Piraeus,Greece,194,15 Jan 2006,,
ALEX ABRINES,FC Barcelona,Spain,198,1 Aug 1993,https://media-cdn.incrowdsports.com/e37b7de4-d2a1-441e-ae34-515dab0e41ab.png,
JALEN ADAMS,Maccabi Playtika Tel Aviv,United States of America,191,11 Dec 1995,https://media-cdn.incrowdsports.com/14bb2746-dd8f-4977-b5f2-4b3acaacd9c0.png,
TOMER AGMON,Maccabi Playtika Tel Aviv,Israel,192,31 Aug 2004,https://media-cdn.incrowdsports.com/93bfbd41-23b2-4230-9526-5953baef37ce.png,
DIMITRIS AGRAVANIS,Panathinaikos Athens,Greece,208,20 Dec 1994,https://media-cdn.incrowdsports.com/3d98a249-0b03-46bf-a720-f3a83467c405.png,
ISMET AKPINAR,Fenerbahce Beko Istanbul,Germany,193,22 May 1995,https://media-cdn.incrowdsports.com/fd1cf34d-e28b-43ab-806a-16cd9b99d801.png,
KYLE ALEXANDER,Valencia Basket,Jamaica,208,21 Oct 1996,https://media-cdn.incrowdsports.com/26b93b97-ef4d-4bf5-92c6-228c84353ac3.png,
CARLOS ALOCEN,Real Madrid,Spain,194,30 Dec 2000,https://media-cdn.incrowdsports.com/fa116ede-c443-4640-8b82-f2327c8863b0.png,
DAVIDE ALVITI,EA7 Emporio Armani Milan,Italy,197,5 Nov 1996,https://media-cdn.incrowdsports.com/90c1154e-8243-4f4b-ae7e-7c76313fc480.png,
MOHAMMAD AMINI,AS Monaco,Iran,200,26 Apr 2005,,
DANILO ANDJUSIC,Partizan Mozzart Bet Belgrade,Serbia,195,22 Apr 1991,https://media-cdn.incrowdsports.com/4e606702-9172-4244-a9b6-df2fc13b9166.png,
KOSTAS ANTETOKOUNMPO,Fenerbahce Beko Istanbul,Greece,208,20 Nov 1997,https://media-cdn.incrowdsports.com/07354706-0feb-47d0-8492-305c75f9917b.png,
EGEHAN ARNA,Anadolu Efes Istanbul,Turkiye,203,5 Jan 1997,https://media-cdn.incrowdsports.com/c84f3eec-78b4-4e61-84de-070b7eceb3bc.png,
NEOKLIS AVDALAS,Panathinaikos Athens,Greece,196,4 Feb 2006,https://media-cdn.incrowdsports.com/2d3e85bb-13d9-4418-9660-ae696f76ac56.png,
ALEKSA AVRAMOVIC,Partizan Mozzart Bet Belgrade,Serbia,192,25 Oct 1994,https://media-cdn.incrowdsports.com/c85df4c0-2eed-4eef-a01b-229fd222be58.png,
DWAYNE BACON,Panathinaikos Athens,United States of America,198,30 Aug 1995,https://media-cdn.incrowdsports.com/c7084520-c597-4b26-b291-dfb201b73b3e.png,
ISMAEL BAKO,Virtus Segafredo Bologna,Belgium,208,10 Oct 1995,https://media-cdn.incrowdsports.com/c188da68-4a88-460f-847d-93a21015e5d7.png,
DOGUS BALBAY,Anadolu Efes Istanbul,Turkiye,185,21 Jan 1989,https://media-cdn.incrowdsports.com/0a0748cc-b881-47d6-a8ff-19a51b692cb0.png,
WADE BALDWIN IV,Maccabi Playtika Tel Aviv,United States of America,193,29 Mar 1996,https://media-cdn.incrowdsports.com/e639d9aa-7e07-4c6c-9437-e6fb40006c76.png,
DAVID BARBERA,Valencia Basket,Spain,206,17 Apr 2005,,
BILLY BARON,EA7 Emporio Armani Milan,United States of America,188,11 Dec 1990,https://media-cdn.incrowdsports.com/d7393df0-82c1-403f-a68d-9a278b801655.png,
RODRIGUE BEAUBOIS,Anadolu Efes Istanbul,France,190,24 Feb 1988,https://media-cdn.incrowdsports.com/be87b10e-4bf7-4f4b-a3cb-91019e075979.png,
MARCO BELINELLI,Virtus Segafredo Bologna,Italy,195,25 Mar 1986,https://media-cdn.incrowdsports.com/f13366de-a8da-4503-a64b-420104fd1777.png,
BENJAMIN BENTIL,Crvena Zvezda Meridianbet Belgrade,Ghana,204,29 Mar 1995,https://media-cdn.incrowdsports.com/243bd187-36a7-4985-b9bd-292719794a9d.png,
TARIK BIBEROVIC,Fenerbahce Beko Istanbul,Turkiye,201,28 Jan 2001,https://media-cdn.incrowdsports.com/5550962e-821c-45a5-8704-d095be24be0e.png,
PAUL BILIGHA,EA7 Emporio Armani Milan,Italy,200,31 May 1990,https://media-cdn.incrowdsports.com/f8d8bba0-1b64-464a-b8c2-5b7c4a8ebf22.png,
METECAN BIRSEN,Fenerbahce Beko Istanbul,Ireland,205,6 Apr 1995,https://media-cdn.incrowdsports.com/bfb5be81-d002-42b4-b669-011ea44d23d0.png,
LAURYNAS BIRUTIS,Zalgiris Kaunas,Lithuania,213,27 Aug 1997,https://media-cdn.incrowdsports.com/146923d6-08af-474e-9003-77b663a58cf5.png,
NEMANJA BJELICA,Fenerbahce Beko Istanbul,Serbia,209,9 May 1988,https://media-cdn.incrowdsports.com/ba4db838-99bf-4ee1-b0b7-f5a8d65b4c65.png,
TARIK BLACK,Olympiacos Piraeus,United States of America,206,22 Nov 1991,https://media-cdn.incrowdsports.com/19d2fe9c-c1e6-4836-aae0-f3d2f8b48c85.png,
TAMIR BLATT,ALBA Berlin,United States of America,185,4 May 1997,https://media-cdn.incrowdsports.com/d7d010da-7a90-4e30-9d25-a56161d70e1f.png,
JARON BLOSSOMGAME,AS Monaco,United States of America,198,16 Sep 1993,https://media-cdn.incrowdsports.com/6c56130a-c212-4a8b-bd5d-19ecea0bbb84.png,
ELEFTHERIOS BOCHORIDIS,Panathinaikos Athens,Greece,196,18 Apr 1994,https://media-cdn.incrowdsports.com/d7f4f2d3-08b8-4b33-bb20-e28a2a34f10f.png,
JOEL BOLOMBOY,Olympiacos Piraeus,United States of America,204,28 Jan 1994,https://media-cdn.incrowdsports.com/a5164e22-02eb-4e62-9ee1-cc6757d81ee7.png,
ISAAC BONGA,FC Bayern Munich,Germany,204,8 Nov 1999,https://media-cdn.incrowdsports.com/2f103544-9632-4b5f-9c3c-95ab66b91022.png,
DEVIN BOOKER,Fenerbahce Beko Istanbul,United States of America,205,28 Feb 1991,https://media-cdn.incrowdsports.com/f44521a4-bbe1-4b44-9b69-3ee2c1317b69.png,
DEE BOST,LDLC ASVEL Villeurbanne,Bulgaria,188,12 Oct 1989,https://media-cdn.incrowdsports.com/66946039-ffd9-4573-bfaf-cf35073df8a5.png,
SULEIMAN BRAIMOH,Maccabi Playtika Tel Aviv,Nigeria,203,19 Oct 1989,https://media-cdn.incrowdsports.com/b32b8876-5cd0-4303-89ab-3efeb642782c.png,
IGNAS BRAZDEIKIS,Zalgiris Kaunas,Lithuania,201,8 Jan 1999,https://media-cdn.incrowdsports.com/4b4902b5-b16b-4a50-8804-6aca6f38af78.png,
JOHN BROWN,AS Monaco,United States of America,203,28 Jan 1992,https://media-cdn.incrowdsports.com/cf70c79a-f75b-4e7f-b2e4-ff0b3f5b332f.png,
LORENZO BROWN,Maccabi Playtika Tel Aviv,United States of America,196,26 Aug 1990,https://media-cdn.incrowdsports.com/96919f28-e1fb-441c-bd0b-fe06710a3bd4.png,
ELIJAH BRYANT,Anadolu Efes Istanbul,United States of America,196,19 Apr 1995,https://media-cdn.incrowdsports.com/a6ff59ee-dd47-4529-a3d2-e1bae8b25c1d.png,
ARNAS BUTKEVICIUS,Zalgiris Kaunas,Lithuania,197,22 Oct 1992,https://media-cdn.incrowdsports.com/cbb50274-e25a-48fc-924a-bfbbdf655987.png,
NICK CALATHES,Fenerbahce Beko Istanbul,Greece,196,7 Feb 1989,https://media-cdn.incrowdsports.com/236434bd-9730-4ba3-96f6-c14605b367e0.png,
GORA CAMARA,Virtus Segafredo Bologna,Senegal,214,12 Apr 2001,https://media-cdn.incrowdsports.com/9f5dc0c9-a51c-4b77-8bb2-a71786922ec2.png,
FACUNDO CAMPAZZO,Crvena Zvezda Meridianbet Belgrade,Argentina,181,23 Mar 1991,https://media-cdn.incrowdsports.com/4e5450b5-1079-4fd1-abd0-00f724eefa8c.png,
ISAIAH CANAAN,Olympiacos Piraeus,United States of America,183,21 May 1991,https://media-cdn.incrowdsports.com/51019c3a-d975-4a30-9cd3-28e14869f2fe.png,
FABIEN CAUSEUR,Real Madrid,France,195,16 Jun 1987,https://media-cdn.incrowdsports.com/da7bab9a-558a-4deb-ba17-bdfd4b23819c.png,
TYLER CAVANAUGH,Zalgiris Kaunas,United States of America,206,9 Feb 1994,https://media-cdn.incrowdsports.com/3296fae2-93ea-4d3e-8f2c-db8596cfe2eb.png,
ZYLAN ANTHONY CHEATHAM,FC Bayern Munich,United States of America,,17 Nov 1995,https://media-cdn.incrowdsports.com/c2afc9d6-0e11-43a7-ac50-3749c0216ccf.png,blank
VICTOR CLAVER,Valencia Basket,Spain,208,30 Aug 1988,https://media-cdn.incrowdsports.com/f5f9cfc2-641d-4815-8fd7-d0de7d4e45a9.png,
WILL CLYBURN,Anadolu Efes Istanbul,United States of America,201,17 May 1990,https://media-cdn.incrowdsports.com/7b750eb9-35cd-4621-9051-71f26ad22d5d.png,
JAKE COHEN,Maccabi Playtika Tel Aviv,Israel,210,25 Sep 1990,https://media-cdn.incrowdsports.com/fd2af1ff-293c-46d2-a7ef-a1b9ef7ec38c.png,
BONZIE COLSON,Maccabi Playtika Tel Aviv,United States of America,198,12 Jan 1996,https://media-cdn.incrowdsports.com/25ce2144-a34f-40a6-8ad9-0598728de437.png,
ISAIA CORDINIER,Virtus Segafredo Bologna,France,197,28 Nov 1996,https://media-cdn.incrowdsports.com/ff9c4900-773c-4f75-9434-4acf68107760.png,
PETR CORNELIE,Real Madrid,France,211,26 Jul 1995,https://media-cdn.incrowdsports.com/f32df5fa-6f0f-4d83-988f-64c217859068.png,
MATTHEW COSTELLO,Cazoo Baskonia Vitoria-Gasteiz,United States of America,210,5 Aug 1993,https://media-cdn.incrowdsports.com/fd4a0b50-0126-44ee-8099-69ad0ea6d6fa.png,
AMBROISE COUTURE,AS Monaco,France,198,8 Nov 2002,https://media-cdn.incrowdsports.com/69a73ded-1618-4a26-acb6-80058b0b0e39.png,
OSCAR DA SILVA,FC Barcelona,Germany,205,21 Sep 1998,https://media-cdn.incrowdsports.com/68bc7841-7541-4c1e-a0bc-270a887797e8.png,
LUIGI DATOME,EA7 Emporio Armani Milan,Italy,203,27 Nov 1987,https://media-cdn.incrowdsports.com/f8f16c97-c272-49fb-9c73-5688cd7bb6f3.png,
BRANDON DAVIES,EA7 Emporio Armani Milan,United States of America,208,25 Jul 1991,https://media-cdn.incrowdsports.com/10ffc6ce-0c5e-4576-be29-834d63326c70.png,
NANDO DE COLO,LDLC ASVEL Villeurbanne,France,196,23 Jun 1987,https://media-cdn.incrowdsports.com/d77d0127-6244-4f0c-963d-9125f89c6969.png,
SERGIO DE LARREA,Valencia Basket,Spain,198,4 Dec 2005,,
GABRIEL DECK,Real Madrid,Argentina,198,8 Feb 1995,https://media-cdn.incrowdsports.com/85a70d27-d3b5-475e-b90f-41be840ceb18.png,
MALTE DELOW,ALBA Berlin,Germany,194,22 Apr 2001,https://media-cdn.incrowdsports.com/d0190b95-fe82-4be0-9155-554ef4692785.png,
ALPHA DIALLO,AS Monaco,United States of America,201,29 Jun 1997,https://media-cdn.incrowdsports.com/f606e20a-03bf-4ea8-b895-2a315fc513e3.png,
JOHN DIBARTOLOMEO,Maccabi Playtika Tel Aviv,Israel,183,20 Jun 1991,https://media-cdn.incrowdsports.com/77420c0b-a260-4ce1-8397-97cd0ce97df5.png,
DANIEL DIEZ,Cazoo Baskonia Vitoria-Gasteiz,Spain,201,7 Apr 1993,https://media-cdn.incrowdsports.com/ea01879e-d45a-43ac-9233-4b039ccc7395.png,
TOMAS DIMSA,Zalgiris Kaunas,Lithuania,196,2 Jan 1994,https://media-cdn.incrowdsports.com/7c62b4b7-7d04-4570-8805-359193588b0b.png,
ANTOINE DIOT,LDLC ASVEL Villeurbanne,France,193,17 Jan 1989,https://media-cdn.incrowdsports.com/ace3da8c-eebb-4a9b-9747-e6523d1b581e.png,
OGNJEN DOBRIC,Crvena Zvezda Meridianbet Belgrade,Serbia,200,27 Oct 1994,https://media-cdn.incrowdsports.com/de37c08a-40f9-4668-b3b3-c93e1cc1b87f.png,
TYLER DORSEY,Fenerbahce Beko Istanbul,United States of America,196,18 Feb 1996,https://media-cdn.incrowdsports.com/1f3a3af8-5dac-4a01-8870-1bdcd6ca1e2e.png,
BOJAN DUBLJEVIC,Valencia Basket,Montenegro,205,24 Oct 1991,https://media-cdn.incrowdsports.com/f494c610-248f-4b53-9fe9-d9a81940e23a.png,
BRYANT DUNSTON,Anadolu Efes Istanbul,United States of America,203,28 May 1986,https://media-cdn.incrowdsports.com/8a0396df-5aaf-4efe-95a9-b12e38f370e7.png,
CARSEN EDWARDS,Fenerbahce Beko Istanbul,United States of America,180,12 Mar 1998,https://media-cdn.incrowdsports.com/20efcd85-686b-497c-83d6-d0c7f46db588.png,
KARAHAN EFEOGLU,Anadolu Efes Istanbul,Turkiye,203,13 Jun 2004,https://media-cdn.incrowdsports.com/28d7b1ce-70bf-4878-9b38-21468b3ecffb.png,
STEVEN ENOCH,Cazoo Baskonia Vitoria-Gasteiz,United States of America,208,18 Sep 1997,https://media-cdn.incrowdsports.com/4624fc5f-6887-4031-bcb5-0be38fb45c33.png,
MARCUS ERIKSSON,ALBA Berlin,Sweden,201,5 Dec 1993,https://media-cdn.incrowdsports.com/7719a3b6-315c-4250-bbd8-e86b813fac81.png,
KEENAN EVANS,Zalgiris Kaunas,United States of America,191,23 Aug 1996,https://media-cdn.incrowdsports.com/2d4f8e54-744f-46c8-8410-a0873951fc09.png,
SHANNON EVANS,Valencia Basket,Guinea,185,19 Jul 1994,https://media-cdn.incrowdsports.com/9bd982a1-02b3-4652-bf99-968e05b18ad2.png,
DANTE EXUM,Partizan Mozzart Bet Belgrade,Australia,198,13 Jul 1995,https://media-cdn.incrowdsports.com/e6ac5ad6-82ef-4bd7-8cae-ace02881c0b0.png,
MOUSTAPHA FALL,Olympiacos Piraeus,France,218,23 Feb 1992,https://media-cdn.incrowdsports.com/7ae168f1-e379-4a30-a3f6-ca20c08c23db.png,
YOUSSOUPHA FALL,LDLC ASVEL Villeurbanne,France,221,12 Jan 1995,https://media-cdn.incrowdsports.com/33c22230-2233-45c2-9f82-60f8838d15eb.png,
RUDY FERNANDEZ,Real Madrid,Spain,196,4 Apr 1985,https://media-cdn.incrowdsports.com/768eb6ac-5506-4e36-846c-acf3ac26993a.png,
GUILLEM FERRANDO,Valencia Basket,Spain,185,8 Jan 2002,https://media-cdn.incrowdsports.com/5825fd11-c702-441a-86f9-a0ef744d3abb.png,
ERTEN GAZI,Anadolu Efes Istanbul,Turkiye,190,15 Jun 1997,https://media-cdn.incrowdsports.com/8c9508df-dd30-4f13-88b9-b0868ed9c2e0.png,
SAMET GEYIK,Fenerbahce Beko Istanbul,Turkiye,206,12 Jan 1993,https://media-cdn.incrowdsports.com/c60a6ac0-b0e1-4839-8dec-e43cd301f174.png,
DOVYDAS GIEDRAITIS,Zalgiris Kaunas,Lithuania,193,17 Aug 2000,https://media-cdn.incrowdsports.com/bf894e36-72d0-4823-b466-d44340bb0a8e.png,
ROKAS GIEDRAITIS,Cazoo Baskonia Vitoria-Gasteiz,Lithuania,200,16 Aug 1992,https://media-cdn.incrowdsports.com/94f8125f-2fd5-4bb6-908e-ee4b3107fc08.png,
NIELS GIFFEY,FC Bayern Munich,Germany,200,8 Jun 1991,https://media-cdn.incrowdsports.com/e23d25c0-4504-4ddf-9ba4-1c4ef1dd9a7d.png,
FREDDIE GILLESPIE,FC Bayern Munich,United States of America,206,14 Jun 1997,https://media-cdn.incrowdsports.com/f7e1c38c-964f-47c5-a25d-88398a45be54.png,
HUGO GONZALEZ,Real Madrid,Spain,199,5 Feb 2006,https://media-cdn.incrowdsports.com/0ca86941-35df-4469-9086-5a4a3196e116.png,
MARIUS GRIGONIS,Panathinaikos Athens,Lithuania,198,26 Apr 1994,https://media-cdn.incrowdsports.com/34880631-ed7d-44f3-b42a-36742b2d7f9f.png,
ARTURAS GUDAITIS,Panathinaikos Athens,Lithuania,213,19 Jun 1993,https://media-cdn.incrowdsports.com/925b2ddb-a6a2-4cd6-a35d-77086e723606.png,
MARKO GUDURIC,Fenerbahce Beko Istanbul,Serbia,196,8 Mar 1995,https://media-cdn.incrowdsports.com/26e21134-3052-494d-b52e-3cd532279c38.png,
DANIEL HACKETT,Virtus Segafredo Bologna,Italy,196,19 Dec 1987,https://media-cdn.incrowdsports.com/7a89b23b-4029-4fad-9f64-1c7dbe62ed2a.png,
DEVON HALL,EA7 Emporio Armani Milan,United States of America,196,7 Jul 1995,https://media-cdn.incrowdsports.com/368a2f6f-9e44-473b-beba-50b5a461a9a6.png,
DONTA HALL,AS Monaco,United States of America,208,7 Aug 1997,https://media-cdn.incrowdsports.com/c9e9d76d-202a-49f5-8a80-93f1947c1891.png,
FURKAN HALTALI,Anadolu Efes Istanbul,Turkiye,207,2 Dec 2002,https://media-cdn.incrowdsports.com/342304aa-95b0-4b03-bff3-4d568e38a0aa.png,
ADAM HANGA,Real Madrid,Hungary,200,12 Apr 1989,https://media-cdn.incrowdsports.com/b36edb3d-ded1-450d-9119-e0e3ec19cf26.png,
JARED HARPER,Valencia Basket,United States of America,178,14 Sep 1997,https://media-cdn.incrowdsports.com/ae7d2b0a-5ca7-421d-ad99-80cb4b481d25.png,
ELIAS HARRIS,FC Bayern Munich,Germany,203,6 Jul 1989,https://media-cdn.incrowdsports.com/e9a4c295-04d4-44b9-a15b-a8d0adbf8bc0.png,
KEVARRIUS HAYES,Zalgiris Kaunas,United States of America,206,5 Mar 1997,https://media-cdn.incrowdsports.com/21ac5757-361b-4bb2-ad86-84cbd5e3bbe9.png,
NIGEL HAYES-DAVIS,Fenerbahce Beko Istanbul,United States of America,203,16 Dec 1994,https://media-cdn.incrowdsports.com/194bb0ce-8a7a-4319-b917-eed2020c7531.png,
SEHMUS HAZER,Fenerbahce Beko Istanbul,Turkiye,193,15 Feb 1999,https://media-cdn.incrowdsports.com/4f870f86-ea3f-419a-80e9-d1a39fa8f2eb.png,
MAX HEIDEGGER,Cazoo Baskonia Vitoria-Gasteiz,United States of America,191,5 Jun 1997,https://media-cdn.incrowdsports.com/b95002b6-f51e-4fc8-a071-fb65e59bdeb4.png,
PIERRIA HENRY,Cazoo Baskonia Vitoria-Gasteiz,United States of America,193,20 Jan 1993,https://media-cdn.incrowdsports.com/077c05d4-8009-41af-b7d3-0c3d5dffd65c.png,
MARTIN HERMANNSSON,Valencia Basket,Iceland,190,16 Sep 1994,https://media-cdn.incrowdsports.com/c721b1e2-fde3-45bd-9dd3-7aff580837ae.png,
MARIO HEZONJA,Real Madrid,Croatia,206,25 Feb 1995,https://media-cdn.incrowdsports.com/3d465084-d984-4866-8cef-d137454e0e3b.png,
CORY HIGGINS,FC Barcelona,United States of America,195,14 Jun 1989,https://media-cdn.incrowdsports.com/a1af1166-c6cd-4d7e-a98c-5048329b90df.png,
DARRUN HILLIARD,Maccabi Playtika Tel Aviv,United States of America,198,13 Apr 1993,https://media-cdn.incrowdsports.com/093f8c89-2e15-43c1-9bbf-2f48e5e23468.png,
KYLE HINES,EA7 Emporio Armani Milan,United States of America,198,2 Sep 1986,https://media-cdn.incrowdsports.com/d26fb08c-149a-43ca-82da-d3377e3665e4.png,
JOHN HOLLAND,Crvena Zvezda Meridianbet Belgrade,United States of America,196,6 Nov 1988,https://media-cdn.incrowdsports.com/6427fad8-3c2d-4f37-85ab-5c186f975aec.png,
AUSTIN HOLLINS,Maccabi Playtika Tel Aviv,United States of America,193,8 Nov 1991,https://media-cdn.incrowdsports.com/5bd17dd6-7b19-4fa5-8dbc-ac7918cf891e.png,
DAULTON HOMMES,Cazoo Baskonia Vitoria-Gasteiz,United States of America,203,4 Jul 1996,https://media-cdn.incrowdsports.com/7b5fadf5-9375-40ab-a7db-f1ec785fd859.png,
MARKUS HOWARD,Cazoo Baskonia Vitoria-Gasteiz,United States of America,178,3 Mar 1999,https://media-cdn.incrowdsports.com/862fd672-212d-41de-a993-fa5c02a3a6c7.png,
OTHELLO HUNTER,FC Bayern Munich,United States of America,203,28 May 1986,https://media-cdn.incrowdsports.com/8768431f-f09d-41f8-8ce3-7a2744883c98.png,
MARTIN IGLESIAS,FC Barcelona,Spain,201,10 Jan 2004,,
DALIBOR ILIC,Crvena Zvezda Meridianbet Belgrade,Serbia,202,4 Mar 2000,https://media-cdn.incrowdsports.com/a342c59b-c443-4b35-9d6c-36101af4cfb9.png,
NIKOLA IVANOVIC,Crvena Zvezda Meridianbet Belgrade,Montenegro,191,19 Feb 1994,https://media-cdn.incrowdsports.com/098c56e1-f92f-4534-9606-dea562a629bf.png,
MAM JAITEH,Virtus Segafredo Bologna,France,208,27 Nov 1994,https://media-cdn.incrowdsports.com/6295f0f9-ef78-4e80-8d9f-4bd0d8c4d3b7.png,
KASPARAS JAKUCIONIS,FC Barcelona,Lithuania,192,29 May 2006,,
MIKE JAMES,AS Monaco,United States of America,185,18 Aug 1990,https://media-cdn.incrowdsports.com/e5a67150-f351-4c9c-90cd-2a8767588275.png,
OGNJEN JARAMAZ,FC Bayern Munich,Serbia,193,1 Sep 1995,https://media-cdn.incrowdsports.com/1eb2ee38-f4cb-4f24-b048-bdcd529fa4c5.png,
TONYE JEKIRI,Fenerbahce Beko Istanbul,Nigeria,212,23 Jul 1994,https://media-cdn.incrowdsports.com/08af8670-c95d-408c-aa3b-ce8ed0ea959f.png,
MILLAN JIMENEZ,Valencia Basket,Spain,198,16 Sep 2002,https://media-cdn.incrowdsports.com/440337a4-2cf1-4ab3-a019-a27c0219b9f0.png,
ROKAS JOKUBAITIS,FC Barcelona,Lithuania,193,19 Nov 2000,https://media-cdn.incrowdsports.com/ada7523c-32e4-48c7-801c-2ad05de97957.png,
CHRIS JONES,Valencia Basket,Armenia,188,10 Apr 1993,https://media-cdn.incrowdsports.com/b71ab278-55fb-4209-8dc3-dbe8368f5139.png,
CHARLES KAHUDI,LDLC ASVEL Villeurbanne,France,196,19 Jul 1986,https://media-cdn.incrowdsports.com/8848747e-6fa6-482d-9800-b669cf50f358.png,
GEORGIOS KALAITZAKIS,Panathinaikos Athens,Greece,201,2 Jan 1999,https://media-cdn.incrowdsports.com/4f798921-c3d2-4c9f-aa61-29b8182f7f8a.png,
PANAGIOTIS KALAITZAKIS,Panathinaikos Athens,Greece,200,2 Jan 1999,https://media-cdn.incrowdsports.com/00ad2c3b-dc73-4da7-bc3c-299973409fa4.png,
NIKOLA KALINIC,FC Barcelona,Serbia,202,8 Nov 1991,https://media-cdn.incrowdsports.com/3481ab72-c161-4a02-9bf4-236a01ee98e4.png,
BALSA KOPRIVICA,Partizan Mozzart Bet Belgrade,Serbia,215,1 May 2000,https://media-cdn.incrowdsports.com/cc46336f-5b4d-4515-a4c7-b38d0b9528df.png,
MAIK KOTSAR,Cazoo Baskonia Vitoria-Gasteiz,Estonia,209,22 Dec 1996,https://media-cdn.incrowdsports.com/5cf4bd48-8b89-45f0-a9e1-097147e526ae.png,
CHRIST KOUMADJE,ALBA Berlin,Chad,223,7 Jul 1996,https://media-cdn.incrowdsports.com/4b2b7e85-41e5-445a-b931-3ab55ce35027.png,
MOTIEJUS KRIVAS,Zalgiris Kaunas,Lithuania,214,1 Dec 2004,https://media-cdn.incrowdsports.com/1d6f44ca-c790-41f0-86bc-5da83336efcd.png,
KAJUS KUBLICKAS,Zalgiris Kaunas,Lithuania,186,2 Sep 2004,https://media-cdn.incrowdsports.com/0da669bf-07b9-4046-be89-7eb521736261.png,
KYLE KURIC,FC Barcelona,Slovakia,193,25 Aug 1989,https://media-cdn.incrowdsports.com/4cc9aa79-3820-497d-9595-c13f47f2bc55.png,
ARTURS KURUCS,Cazoo Baskonia Vitoria-Gasteiz,Latvia,190,19 Jan 2000,https://media-cdn.incrowdsports.com/b98c88da-6556-46e0-981a-106d466b7a22.png,
OGNJEN KUZMIC,Crvena Zvezda Meridianbet Belgrade,Serbia,213,16 May 1990,https://media-cdn.incrowdsports.com/0dcc6cfb-0fbd-435b-a928-36268ce5f3a0.png,
BEN LAMMERS,ALBA Berlin,United States of America,208,12 Nov 1995,https://media-cdn.incrowdsports.com/c5b7ef7a-1d69-4998-810c-454c7f645376.png,
NICOLAS LAPROVITTOLA,FC Barcelona,Italy,190,31 Jan 1990,https://media-cdn.incrowdsports.com/40e431c3-392c-4250-9769-4493faf3e175.png,
GIANNOULIS LARENTZAKIS,Olympiacos Piraeus,Greece,196,22 Sep 1993,https://media-cdn.incrowdsports.com/57734d11-aa3e-41da-8747-732d7e7d80ff.png,
SHANE LARKIN,Anadolu Efes Istanbul,United States of America,182,2 Oct 1992,https://media-cdn.incrowdsports.com/9c92ff86-bcbe-430a-a647-d193396fe5e9.png,
JOFFREY LAUVERGNE,LDLC ASVEL Villeurbanne,France,211,30 Sep 1991,https://media-cdn.incrowdsports.com/394ab272-8edf-438a-9068-52aed8701825.png,
STEFAN LAZAREVIC,Crvena Zvezda Meridianbet Belgrade,Serbia,198,20 Aug 1996,https://media-cdn.incrowdsports.com/59433a5b-2d07-42bd-a941-f30468acc8f1.png,
BRANKO LAZIC,Crvena Zvezda Meridianbet Belgrade,Serbia,195,12 Jan 1989,https://media-cdn.incrowdsports.com/14a3b374-8fe7-498a-9c5f-e90914174614.png,
ZACH LEDAY,Partizan Mozzart Bet Belgrade,United States of America,202,30 May 1994,https://media-cdn.incrowdsports.com/b7be50a6-eccb-40c3-8f92-77910689a966.png,
PARIS LEE,Panathinaikos Athens,United States of America,184,20 Apr 1995,https://media-cdn.incrowdsports.com/57e24529-f5f3-4b9c-9f4c-03f0319bb615.png,
LUKAS LEKAVICIUS,Zalgiris Kaunas,Lithuania,180,30 Mar 1994,https://media-cdn.incrowdsports.com/48b77c1d-6c17-4512-a958-f74f10ac130d.png,
LIUTAURAS LELEVICIUS,Zalgiris Kaunas,Lithuania,202,28 May 2003,https://media-cdn.incrowdsports.com/f17c8c81-4d8e-41a1-b3ad-0d49e71c244b.png,
MATHIAS LESSORT,Partizan Mozzart Bet Belgrade,France,206,29 Sep 1995,https://media-cdn.incrowdsports.com/cb3024fc-3af4-4665-bd51-4ecb2965ae17.png,
DAVID LIGHTY,LDLC ASVEL Villeurbanne,United States of America,195,27 May 1988,https://media-cdn.incrowdsports.com/0e69acb0-7eca-4d5b-b70a-ca485358777e.png,
SERGIO LLULL,Real Madrid,Spain,190,15 Nov 1987,https://media-cdn.incrowdsports.com/f4cf91dc-2a3c-44aa-a23e-e9b1cbc38dde.png,
MAODO LO,ALBA Berlin,Germany,191,31 Dec 1992,https://media-cdn.incrowdsports.com/e1758039-6105-44f0-8689-103ab2fe8829.png,
XABI LOPEZ-AROSTEGUI,Valencia Basket,Spain,200,19 May 1997,https://media-cdn.incrowdsports.com/9ee4acba-8f76-40d2-9b7e-2c1f47b124b9.png,
MICHALIS LOUNTZIS,Olympiacos Piraeus,Greece,195,4 Aug 1998,https://media-cdn.incrowdsports.com/920cd481-6791-42f5-878a-549c7bc2ed37.png,
JORDAN LOYD,AS Monaco,United States of America,193,27 Jul 1993,https://media-cdn.incrowdsports.com/fe60ad13-a29f-486a-9495-fe30721fed86.png,
VLADIMIR LUCIC,FC Bayern Munich,Serbia,204,17 Jun 1989,https://media-cdn.incrowdsports.com/f09a3ee4-8b20-4bfc-be4a-450abb25e309.png,
KAROLIS LUKOSIUNAS,Zalgiris Kaunas,Lithuania,195,4 Aug 1997,https://media-cdn.incrowdsports.com/737f1b85-9425-4f4a-a1c8-cd5b228d7afb.png,
IFFE LUNDBERG,Virtus Segafredo Bologna,Denmark,193,4 Dec 1994,https://media-cdn.incrowdsports.com/06b83597-78db-4419-8b59-d95eff044bd0.png,
TIMOTHE LUWAWU-CABARROT,EA7 Emporio Armani Milan,France,201,9 May 1995,https://media-cdn.incrowdsports.com/154ec2b7-3a3e-4956-92bb-5fc252809ff6.png,
NILS MACHOWSKI,ALBA Berlin,Germany,190,21 Sep 2004,https://media-cdn.incrowdsports.com/e7147257-30bc-41ac-be21-1e1cb98a60d4.png,
SERGEJ MACURA,Cazoo Baskonia Vitoria-Gasteiz,Slovenia,196,10 Apr 2004,https://media-cdn.incrowdsports.com/814b4690-ad67-44ac-b711-1dce43e9b4e1.png,
YAM MADAR,Partizan Mozzart Bet Belgrade,Israel,190,21 Dec 2000,https://media-cdn.incrowdsports.com/2eec19c1-3e11-4a6a-b9aa-406cc0158421.png,
MELIH MAHMUTOGLU,Fenerbahce Beko Istanbul,Turkiye,191,12 May 1990,https://media-cdn.incrowdsports.com/9c61d067-e03e-426d-8735-a9875d21a869.png,
YOAN MAKOUNDOU,AS Monaco,France,207,9 Aug 2000,https://media-cdn.incrowdsports.com/5de9d7a7-4e51-4f93-9a24-1baf888085d3.png,
NICCOLO MANNION,Virtus Segafredo Bologna,Italy,190,14 Mar 2001,https://media-cdn.incrowdsports.com/45b8585b-0229-4441-9f90-6f4bd3232ca3.png,
ELEFTHERIOS MANTZOUKAS,Panathinaikos Athens,Greece,207,8 Jul 2003,https://media-cdn.incrowdsports.com/96ab480f-9d62-4037-a0c7-280fa95ed7e8.png,
LUCAS MAR√ç,Valencia Basket,Spain,197,20 Oct 2005,,
VANJA MARINKOVIC,Cazoo Baskonia Vitoria-Gasteiz,Serbia,198,9 Jan 1997,https://media-cdn.incrowdsports.com/d51274fd-3a67-4f1f-817b-2b68beaf6e52.png,
STEFAN MARKOVIC,Crvena Zvezda Meridianbet Belgrade,Serbia,198,25 Apr 1988,https://media-cdn.incrowdsports.com/b00db9c1-d63e-4645-a1a9-df3963fe533f.png,
HASSAN MARTIN,Crvena Zvezda Meridianbet Belgrade,United States of America,201,22 Nov 1995,https://media-cdn.incrowdsports.com/194846fe-c304-4296-a153-6221f245307f.png,
JARELL MARTIN,Maccabi Playtika Tel Aviv,United States of America,208,24 May 1994,https://media-cdn.incrowdsports.com/a0790da9-3281-4909-90d6-c535bc6b1be6.png,
SERGI MARTINEZ,FC Barcelona,Spain,202,10 May 1999,https://media-cdn.incrowdsports.com/617b08c0-294d-4e36-b752-f27419c32eb4.png,
JONAH MATHEWS,LDLC ASVEL Villeurbanne,United States of America,191,10 Feb 1998,https://media-cdn.incrowdsports.com/021fd6a9-5d5f-454c-a8bd-9e5dd9da6a5d.png,
JONAS MATTISSECK,ALBA Berlin,Germany,194,16 Jan 2000,https://media-cdn.incrowdsports.com/72fe6018-eaf8-48b5-af7a-cd085ec61c73.png,
AMATH M'BAYE,Anadolu Efes Istanbul,France,206,14 Dec 1989,https://media-cdn.incrowdsports.com/b1c5a105-61d0-4de3-860d-55368f5f5c6a.png,
SHAQUIELLE MCKISSIC,Olympiacos Piraeus,United States of America,196,17 Aug 1990,https://media-cdn.incrowdsports.com/2b518c90-b947-4346-b5b6-94c8fe62d3d0.png,
NICOLO MELLI,EA7 Emporio Armani Milan,Italy,205,26 Jan 1991,https://media-cdn.incrowdsports.com/7d8f19e7-d37b-4de5-8c47-ea58c0f91e47.png,
LEO MENALO,Virtus Segafredo Bologna,Croatia,206,6 Jan 2002,https://media-cdn.incrowdsports.com/8f2ae600-b94a-42d3-a713-1e5862602393.png,
RAFI MENCO,Maccabi Playtika Tel Aviv,Israel,198,5 Mar 1994,https://media-cdn.incrowdsports.com/c13c8c26-78a2-4dd9-8946-b203e23ec79c.png,
VASILIJE MICIC,Anadolu Efes Istanbul,Serbia,196,13 Jan 1994,https://media-cdn.incrowdsports.com/b9d596b9-3fa2-417e-9bff-994043d09a28.png,
JORDAN MICKEY,Virtus Segafredo Bologna,United States of America,203,9 Jul 1994,https://media-cdn.incrowdsports.com/88772c90-73de-424b-be82-3f2c4cd30576.png,
NIKOLA MIROTIC,FC Barcelona,Spain,208,11 Feb 1991,https://media-cdn.incrowdsports.com/97b7e6bd-a92b-413d-80ff-35719167ee9b.png,
NAZ MITROU-LONG,EA7 Emporio Armani Milan,Canada,190,3 Aug 1993,https://media-cdn.incrowdsports.com/d88dada5-b302-4cdb-8a48-ed7dab452846.png,
LUKA MITROVIC,Crvena Zvezda Meridianbet Belgrade,Serbia,206,21 Mar 1993,https://media-cdn.incrowdsports.com/294e6407-eed1-447f-81f4-86170509416b.png,
CHIMA MONEKE,AS Monaco,Nigeria,196,24 Dec 1995,https://media-cdn.incrowdsports.com/ddf1ca6a-eeca-46a8-ba79-558dc4701044.png,
DONATAS MOTIEJUNAS,AS Monaco,Lithuania,213,20 Sep 1990,https://media-cdn.incrowdsports.com/6f9f6926-4078-4a75-ad90-26ff36e4aade.png,
JOHNATHAN MOTLEY,Fenerbahce Beko Istanbul,United States of America,206,4 May 1995,https://media-cdn.incrowdsports.com/401cd2c2-711c-4a6f-84e0-8b4727eb39ce.png,
DZANAN MUSA,Real Madrid,Bosnia and Herzegovina,205,8 May 1999,https://media-cdn.incrowdsports.com/392ce921-9b4f-4915-8a76-052b9fce9c17.png,
SHABAZZ NAPIER,EA7 Emporio Armani Milan,United States of America,185,14 Jul 1991,https://media-cdn.incrowdsports.com/0874655a-e690-4afa-b882-1ab9c470e9fd.png,
PABLO NAVARRO,Valencia Basket,Spain,195,7 Feb 2005,,
ELI NDIAYE,Real Madrid,Spain,204,26 Jun 2004,https://media-cdn.incrowdsports.com/b5b76f40-0034-45bd-a5b3-fd164ffdd6c5.png,
OUSMANE NDIAYE,Cazoo Baskonia Vitoria-Gasteiz,Senegal,210,19 Mar 2004,https://media-cdn.incrowdsports.com/0d8e0973-6c24-4d34-8553-dd626c69953a.png,
JOSH NEBO,Maccabi Playtika Tel Aviv,United States of America,206,17 Jul 1997,https://media-cdn.incrowdsports.com/626ca861-1717-4ba9-b2e0-a6723d012a5d.png,
NEMANJA NEDOVIC,Crvena Zvezda Meridianbet Belgrade,Serbia,192,16 Jun 1991,https://media-cdn.incrowdsports.com/d8d294fe-9314-446d-875a-da5745ed5f38.png,
JAMES NNAJI,FC Barcelona,Nigeria,212,14 Aug 2004,https://media-cdn.incrowdsports.com/ed473c3e-2797-44f6-b9d8-ccb4e6be7d08.png,
AMINE NOUA,LDLC ASVEL Villeurbanne,France,202,7 Feb 1997,https://media-cdn.incrowdsports.com/4d3cfec7-ddd1-45eb-881e-876b2277f2f2.png,
JAMES NUNNALLY,Partizan Mozzart Bet Belgrade,United States of America,201,14 Jul 1990,https://media-cdn.incrowdsports.com/d3aac321-bc67-4a8b-b900-113b922e49ad.png,
RETIN OBASOHAN,LDLC ASVEL Villeurbanne,Belgium,183,6 Jul 1993,https://media-cdn.incrowdsports.com/17320484-613c-4fb5-8f47-b3826b455f52.png,
ANDREAS OBST,FC Bayern Munich,Germany,191,13 Jul 1996,https://media-cdn.incrowdsports.com/431faf7d-8cc2-4a18-9465-57e54eda3ed6.png,
SEMI OJELEYE,Virtus Segafredo Bologna,United States of America,198,5 Dec 1994,https://media-cdn.incrowdsports.com/99c51086-df45-49fa-baa9-60ddcf3597c3.png,
ELIE OKOBO,AS Monaco,France,191,23 Oct 1997,https://media-cdn.incrowdsports.com/16fb6eff-a16e-4545-8e57-2358f354a8e8.png,
LOUIS OLINDE,ALBA Berlin,Germany,205,19 Mar 1998,https://media-cdn.incrowdsports.com/cc961e0a-76cd-481c-8837-657dd5583eb4.png,
YAKUBA OUATTARA,AS Monaco,France,192,24 Jan 1992,https://media-cdn.incrowdsports.com/04d8e2fb-f58f-4883-b567-18535649d952.png,
ALESSANDRO PAJOLA,Virtus Segafredo Bologna,Italy,194,9 Nov 1999,https://media-cdn.incrowdsports.com/7448524a-e025-4b87-b5c9-90cc186a72e7.png,
KEVIN PANGOS,EA7 Emporio Armani Milan,Slovenia,186,26 Jan 1993,https://media-cdn.incrowdsports.com/bfcb62bf-d039-4c8d-a69a-a5b499ecd088.png,
GEORGIOS PAPAGIANNIS,Panathinaikos Athens,Greece,220,3 Jul 1997,https://media-cdn.incrowdsports.com/73109f7f-f956-4a7b-8c21-397521305d0c.png,
KOSTAS PAPANIKOLAOU,Olympiacos Piraeus,Greece,204,31 Jul 1990,https://media-cdn.incrowdsports.com/ba82cdc8-2838-4ba7-a694-4e0dae663bad.png,
IOANNIS PAPAPETROU,Partizan Mozzart Bet Belgrade,Greece,206,30 Mar 1994,https://media-cdn.incrowdsports.com/87d862da-1508-45d9-a0af-84d089608cab.png,
GEORGE PAPAS,Olympiacos Piraeus,United States of America,196,15 Mar 1998,https://media-cdn.incrowdsports.com/8f9f9fb8-ed50-482e-a540-bef69ea68f1f.png,
NIKOS PAPPAS,Panathinaikos Athens,Greece,196,11 Jul 1990,,
ORIOL PAULI,FC Barcelona,Spain,201,20 May 1994,https://media-cdn.incrowdsports.com/fbd8d153-05a8-4384-93ea-263264cf3b8c.png,
ALEC PETERS,Olympiacos Piraeus,United States of America,206,13 Apr 1995,https://media-cdn.incrowdsports.com/a37572ac-39e7-4367-8346-071c8ad522e5.png,
FILIP PETRUSEV,Crvena Zvezda Meridianbet Belgrade,Serbia,211,15 Apr 2000,https://media-cdn.incrowdsports.com/930d1af7-91a7-4a54-940b-d96da453e26e.png,
DYSHAWN PIERRE,Fenerbahce Beko Istanbul,Canada,198,17 Nov 1993,https://media-cdn.incrowdsports.com/13a1ef1e-105c-4a02-ab0b-b6f050b55214.png,
TIBOR PLEISS,Anadolu Efes Istanbul,Germany,221,2 Nov 1989,https://media-cdn.incrowdsports.com/64cfe88a-2be4-4626-a1ad-d370c78aeee3.png,
GUY PNINI,Maccabi Playtika Tel Aviv,Israel,201,4 Sep 1983,https://media-cdn.incrowdsports.com/555f6f68-6bd3-4239-9091-25cdb99cfbd7.png,
VINCENT POIRIER,Real Madrid,France,213,17 Oct 1993,https://media-cdn.incrowdsports.com/7780dbec-95c0-48f2-b0c1-3c36a97f57b4.png,
ACHILLE POLONARA,Zalgiris Kaunas,Italy,205,23 Nov 1991,https://media-cdn.incrowdsports.com/68bceada-04ca-4940-b87a-2223a773f9f5.png,
MATYS POMMIER,AS Monaco,France,197,5 Mar 2002,https://media-cdn.incrowdsports.com/5a9bf6e8-7403-4106-8900-48924332f38c.png,
MATEUSZ PONITKA,Panathinaikos Athens,Poland,198,29 Aug 1993,https://media-cdn.incrowdsports.com/09c2fc7e-586c-4674-8338-a46ae56bc0dd.png,
YVES PONS,LDLC ASVEL Villeurbanne,France,197,7 May 1999,https://media-cdn.incrowdsports.com/069f9181-a23b-49bd-b633-c27494755f50.png,
ALEX POYTHRESS,Maccabi Playtika Tel Aviv,United States of America,206,6 Sep 1993,https://media-cdn.incrowdsports.com/0d465fdd-fb16-4c36-9210-853ebde93f62.png,
JAIME PRADILLA,Valencia Basket,Spain,205,3 Jan 2001,https://media-cdn.incrowdsports.com/ddaa07ed-ae21-479d-baa7-07a449c9b6e0.png,
KLEMEN PREPELIC,Valencia Basket,Slovenia,191,20 Oct 1992,https://media-cdn.incrowdsports.com/51caf2f9-99d4-49b1-b1fc-efb99b0b4632.png,
GABRIELE PROCIDA,ALBA Berlin,Italy,198,1 Jun 2002,https://media-cdn.incrowdsports.com/a06691de-8a4d-4ecf-9e78-b7fc278945fa.png,
JOSEP PUERTO,Valencia Basket,Spain,200,8 Mar 1999,https://media-cdn.incrowdsports.com/79bd7557-946d-42df-b43f-b0eadeab44ca.png,
KEVIN PUNTER,Partizan Mozzart Bet Belgrade,United States of America,193,25 Jun 1993,https://media-cdn.incrowdsports.com/525c6274-593a-4703-9e47-255110ef88a1.png,
JOSEBA QUEREJETA,Cazoo Baskonia Vitoria-Gasteiz,Spain,190,1 Jan 2003,https://media-cdn.incrowdsports.com/1269917b-89a2-4cf0-8e94-a1468363b11f.png,
JONAH RADEBAUGH,Valencia Basket,Montenegro,191,17 Jun 1997,https://media-cdn.incrowdsports.com/149681b6-ef7b-43a6-b8e9-9e951e846251.png,
MIROSLAV RADULJICA,Crvena Zvezda Meridianbet Belgrade,Serbia,213,5 Jan 1988,https://media-cdn.incrowdsports.com/1603d9ff-ae35-4383-b176-5e4c3fbddad2.png,
SANDER RAIESTE,Cazoo Baskonia Vitoria-Gasteiz,Estonia,204,31 Mar 1999,https://media-cdn.incrowdsports.com/a559227b-6c4f-4f6c-af14-238e921adc94.png,
ANTHONY RANDOLPH,Real Madrid,United States of America,211,15 Jul 1989,https://media-cdn.incrowdsports.com/d2915de8-a0c8-4ba4-a979-b9e249044f28.png,
ELIAS RAPIEQUE,ALBA Berlin,Germany,200,25 Feb 2004,https://media-cdn.incrowdsports.com/edbc6601-c5df-44ad-bd84-fe927636455a.png,
GIAMPAOLO RICCI,EA7 Emporio Armani Milan,Italy,201,27 Sep 1991,https://media-cdn.incrowdsports.com/83ea398a-3dbb-4c91-bdeb-28e6dc66ce45.png,
ZACCHARIE RISACHER,LDLC ASVEL Villeurbanne,France,204,8 Apr 2005,https://media-cdn.incrowdsports.com/5005ae92-3095-4b78-89aa-1098369deb7a.png,
JASIEL RIVERO,Valencia Basket,Cuba,206,31 Oct 1993,https://media-cdn.incrowdsports.com/a01ad35e-e7a1-4ab8-872c-74074c009ef9.png,
SERGIO RODRIGUEZ,Real Madrid,Spain,191,12 Jun 1986,https://media-cdn.incrowdsports.com/2e15562b-41e0-443c-8ffd-595f565b48b8.png,
AUGUSTINE RUBIT,FC Bayern Munich,United States of America,203,14 Aug 1989,https://media-cdn.incrowdsports.com/f5c6d6f8-c5cb-4b28-983e-dd9d68ea9629.png,
LINUS RUF,ALBA Berlin,Germany,211,21 Jul 2005,https://media-cdn.incrowdsports.com/f413c726-0738-4f6e-8256-0e5a35f3f109.png,
ALEXANDROS SAMONTOUROV,Panathinaikos Athens,Greece,210,20 Apr 2005,https://media-cdn.incrowdsports.com/9d1e8791-ca6e-4afe-bc88-3f2261c62134.png,
SERTAC SANLI,FC Barcelona,Turkiye,212,5 Aug 1991,https://media-cdn.incrowdsports.com/f9efec26-d46c-4107-86b7-b30f732d81d9.png,
DAME SARR,FC Barcelona,Italy,198,4 Jun 2006,https://media-cdn.incrowdsports.com/31bce690-aee2-4f3c-81f2-e202461116a0.png,
TOMAS SATORANSKY,FC Barcelona,Czech Republic,201,30 Oct 1991,https://media-cdn.incrowdsports.com/f1617b1a-c79f-4f43-abd1-99c0e6de3bd3.png,
PAVEL SAVKOV,Cazoo Baskonia Vitoria-Gasteiz,Russian Federation,202,13 Apr 2002,,
TIM SCHNEIDER,ALBA Berlin,Germany,208,1 Sep 1997,https://media-cdn.incrowdsports.com/b73b04ae-0ed4-4596-b38f-069033ad63f8.png,
RIKUS SCHULTE,ALBA Berlin,Germany,206,1 Jun 2004,https://media-cdn.incrowdsports.com/307f7fde-5b8e-402d-9978-87766645f31e.png,
TADAS SEDEKERSKIS,Cazoo Baskonia Vitoria-Gasteiz,Lithuania,200,17 Jan 1998,https://media-cdn.incrowdsports.com/31ade30c-9f37-44ea-9e19-85c52ae0577d.png,
DENNIS SEELEY,FC Bayern Munich,United States of America,193,28 Nov 1989,https://media-cdn.incrowdsports.com/785f582a-e141-4a75-9d7d-be7f9a25bd50.png,
TORNIKE SHENGELIA,Virtus Segafredo Bologna,Georgia,206,5 Oct 1991,https://media-cdn.incrowdsports.com/bb2b9048-aebb-463d-92b7-8710a4ee9914.png,
SHAVON SHIELDS,EA7 Emporio Armani Milan,Denmark,201,5 Jun 1994,https://media-cdn.incrowdsports.com/a29bd6ce-9880-425f-bfad-28cd38c79d43.png,
LUKE SIKMA,ALBA Berlin,United States of America,203,30 Jul 1989,https://media-cdn.incrowdsports.com/056cf873-a4e9-4f27-b4fb-e24186241145.png,
CHRIS SINGLETON,Anadolu Efes Istanbul,United States of America,206,21 Nov 1989,https://media-cdn.incrowdsports.com/02dfdeac-8cf8-4698-b707-419a7a4c66b4.png,
KOSTAS SLOUKAS,Olympiacos Piraeus,Greece,190,15 Jan 1990,https://media-cdn.incrowdsports.com/ce296a41-0233-457d-bf67-9ee2ab6bedac.png,
ALEN SMAILAGIC,Partizan Mozzart Bet Belgrade,Serbia,208,18 Aug 2000,https://media-cdn.incrowdsports.com/0b0dc32d-ec39-474d-adf7-c1038b506b67.png,
JALEEN SMITH,ALBA Berlin,United States of America,190,24 Nov 1994,https://media-cdn.incrowdsports.com/5cf37e73-2eef-4343-926d-680988919597.png,
ROLANDS SMITS,Zalgiris Kaunas,Latvia,208,25 Jun 1995,https://media-cdn.incrowdsports.com/94dce191-acc7-4766-8c54-c87b1bc15e8d.png,
ROMAN SORKIN,Maccabi Playtika Tel Aviv,Israel,208,11 Aug 1996,https://media-cdn.incrowdsports.com/4b5561dd-6479-4423-96e4-561108879775.png,
PAPE SOW,Cazoo Baskonia Vitoria-Gasteiz,Senegal,203,14 Sep 2003,https://media-cdn.incrowdsports.com/0b764f79-0e00-420f-883d-3d4afa3c3e3e.png,
MATTHEW STRAZEL,AS Monaco,France,182,5 Aug 2002,https://media-cdn.incrowdsports.com/f3391d99-91b2-4492-8ffc-8f3fe3716cf6.png,
WALTER TAVARES,Real Madrid,Cabo Verde,220,22 Mar 1992,https://media-cdn.incrowdsports.com/0af7fd50-4e6c-4db5-9a96-fa5ab1bf13dc.png,
ISAIAH TAYLOR,Zalgiris Kaunas,United States of America,191,11 Jul 1994,https://media-cdn.incrowdsports.com/a27f4edf-520e-48ab-8800-f37d6c2b18f9.png,
MILOS TEODOSIC,Virtus Segafredo Bologna,Serbia,195,19 Mar 1987,https://media-cdn.incrowdsports.com/872b56b1-13b6-43d6-a617-82fa0a5b6698.png,
JOHANNES THIEMANN,ALBA Berlin,Germany,205,9 Feb 1994,https://media-cdn.incrowdsports.com/e5bcad2a-571e-46f6-a994-639dea7b0c3b.png,
DESHAUN THOMAS,EA7 Emporio Armani Milan,United States of America,201,29 Aug 1991,https://media-cdn.incrowdsports.com/9e593910-1a58-4fe9-b3f4-af226fbf2c76.png,
MATT THOMAS,Panathinaikos Athens,United States of America,196,4 Aug 1994,https://media-cdn.incrowdsports.com/a44a7343-3381-41db-af7d-e1da96c276bb.png,
DARIUS THOMPSON,Cazoo Baskonia Vitoria-Gasteiz,United States of America,192,4 May 1995,https://media-cdn.incrowdsports.com/366a1d24-83bc-45dc-9936-54b6bac4166c.png,
MIKE TOBEY,FC Barcelona,Slovenia,213,10 Oct 1994,https://media-cdn.incrowdsports.com/aee0dd22-0e7f-4532-9e76-89d7e6e00d8e.png,
STEFANO TONUT,EA7 Emporio Armani Milan,Italy,194,7 Nov 1993,https://media-cdn.incrowdsports.com/1ce9c268-698d-4271-ab71-57c5921fc9e8.png,
UROS TRIFUNOVIC,Partizan Mozzart Bet Belgrade,Serbia,200,5 Dec 2000,https://media-cdn.incrowdsports.com/67f071a7-d323-4a77-9284-86f5e6894e95.png,
PANAGIOTIS TSAMIS,Olympiacos Piraeus,Greece,204,10 Apr 2002,https://media-cdn.incrowdsports.com/9e7cf92a-ebd0-4369-87b9-43df29a2c865.png,
BUGRAHAN TUNCER,Anadolu Efes Istanbul,Turkiye,193,23 Mar 1993,https://media-cdn.incrowdsports.com/f816597a-a9df-426c-8320-f304481636c3.png,
ALEX TYUS,LDLC ASVEL Villeurbanne,United States of America,204,8 Jan 1988,https://media-cdn.incrowdsports.com/3bbdc2a0-64b7-425f-a940-af651d08f39f.png,
EDGARAS ULANOVAS,Zalgiris Kaunas,Lithuania,199,7 Jan 1992,https://media-cdn.incrowdsports.com/ccaf598f-45f5-4aed-94ef-f801b0f2f61b.png,
SAM VAN ROSSOM,Valencia Basket,Belgium,188,3 Jun 1986,https://media-cdn.incrowdsports.com/b4c8c180-8930-49a5-bbca-2d364825e666.png,
JAN VESELY,FC Barcelona,Czech Republic,213,24 Apr 1990,https://media-cdn.incrowdsports.com/94b05ac8-f15f-47cf-9605-d6f64d4e72f6.png,
SASHA VEZENKOV,Olympiacos Piraeus,Greece,206,6 Aug 1995,https://media-cdn.incrowdsports.com/7bc50f3b-c6db-4c26-8b49-1053da84c7fb.png,
LUCA VILDOZA,Crvena Zvezda Meridianbet Belgrade,Italy,191,11 Aug 1995,https://media-cdn.incrowdsports.com/c4d3eaa0-abbb-4d52-a810-c4db2a341dd4.png,
JOHANNES VOIGTMANN,EA7 Emporio Armani Milan,Germany,211,30 Sep 1992,https://media-cdn.incrowdsports.com/89a91c9c-232e-4a52-9805-554e7eb16e53.png,
TRISTAN VUKCEVIC,Partizan Mozzart Bet Belgrade,Serbia,209,11 Mar 2003,https://media-cdn.incrowdsports.com/e88f2d0e-7ee7-401c-be48-f112ee32ebb6.png,
COREY WALDEN,FC Bayern Munich,United States of America,188,5 Aug 1992,https://media-cdn.incrowdsports.com/0535f39e-246e-42b4-8196-509a33f8424a.png,
THOMAS WALKUP,Olympiacos Piraeus,United States of America,193,30 Dec 1992,https://media-cdn.incrowdsports.com/335a4c55-54fb-4d6c-adc8-15830b4a4c89.png,
JAMES WEBB III,Valencia Basket,United States of America,206,19 Aug 1993,https://media-cdn.incrowdsports.com/76ae7972-f7e7-488f-a940-8b9ce7f6004a.png,
KYLE WEEMS,Virtus Segafredo Bologna,United States of America,198,23 Aug 1989,https://media-cdn.incrowdsports.com/a7626a3e-1b95-4e35-837b-a8e87770c1e6.png,
NICK WEILER-BABB,FC Bayern Munich,Germany,196,12 Dec 1995,https://media-cdn.incrowdsports.com/e4a06428-30be-4143-b1cc-3894a1ad6eb2.png,
YANNI WETZELL,ALBA Berlin,New Zealand,206,8 Jul 1996,https://media-cdn.incrowdsports.com/e23c5421-5c1a-4d2f-859c-cf0c5813494e.png,
SCOTTIE WILBEKIN,Fenerbahce Beko Istanbul,United States of America,188,5 Apr 1993,https://media-cdn.incrowdsports.com/b527e159-eb69-4f45-bf2f-222ec8d7ab73.png,
DERRICK WILLIAMS,Panathinaikos Athens,United States of America,206,25 May 1991,https://media-cdn.incrowdsports.com/245aaf8f-09c0-4e5a-9a1b-1b010df9bc5a.png,
NIGEL WILLIAMS-GOSS,Real Madrid,United States of America,191,16 Sep 1994,https://media-cdn.incrowdsports.com/ef66c422-2a6b-4f5c-bbd6-dcf55e571b6a.png,
NIKLAS WIMBERG,FC Bayern Munich,Germany,206,11 Feb 1996,https://media-cdn.incrowdsports.com/f48f149e-4d39-4781-b30d-49e127db7911.png,
CASSIUS WINSTON,FC Bayern Munich,United States of America,,28 Feb 1998,https://media-cdn.incrowdsports.com/79d70bff-48b3-41c9-bb0e-889933051639.png,blank
NATE WOLTERS,Panathinaikos Athens,United States of America,194,15 May 1991,https://media-cdn.incrowdsports.com/3c526125-4fa4-4d9f-8977-0d2272657592.png,
GUERSCHON YABUSELE,Real Madrid,France,204,17 Dec 1995,https://media-cdn.incrowdsports.com/ab7df3d6-84b1-4719-a108-f8dfbae98b51.png,
PAUL ZIPSER,FC Bayern Munich,Germany,203,18 Feb 1994,https://media-cdn.incrowdsports.com/b49a4766-4b4e-48d2-acdf-4d2fd232a562.png,
IFTAH ZIV,Maccabi Playtika Tel Aviv,Israel,191,9 Jul 1995,https://media-cdn.incrowdsports.com/39750d46-09a2-48cb-8b10-e9d5f22e0600.png,
ANTE ZIZIC,Anadolu Efes Istanbul,Croatia,210,4 Jan 1997,https://media-cdn.incrowdsports.com/c9621cbf-2f58-4c9b-8966-b12289720bfc.png,
YOVEL ZOOSMAN,ALBA Berlin,Poland,200,12 May 1998,https://media-cdn.incrowdsports.com/8d0d9223-6e41-440d-980b-81e4e43a370b.png,
